user_id,product_id,quantity,rating
U065,80,2,4
U084,61,1,4
U031,74,1,5
U026,11,1,3
U021,14,1,4
U056,4,1,5
U027,31,2,5
U024,7,1,3
U020,55,2,3
U034,29,2,5
U069,95,2,2
U057,45,1,5
U040,80,1,3
U030,16,2,4
U073,7,1,4
U090,99,1,5
U098,26,3,5
U005,34,4,5
U006,12,3,1
U066,18,2,5
U068,64,2,4
U054,39,4,2
U067,43,1,4
U019,79,1,5
U017,37,2,4
U076,92,3,3
U078,74,2,4
U079,56,1,5
U064,94,2,4
U055,8,1,4
U047,25,4,4
U068,71,2,3
U088,23,2,4
U069,18,1,4
U004,85,2,5
U077,80,1,3
U099,67,2,4
U032,39,2,1
U013,34,1,2
U098,65,2,3
U057,64,2,4
U082,67,2,4
U096,51,1,5
U061,65,2,3
U083,85,2,4
U026,66,2,4
U085,12,1,5
U071,95,1,2
U030,45,2,3
U049,17,2,5
U098,53,1,1
U012,90,1,4
U048,79,1,5
U021,29,2,4
U075,19,1,5
U027,50,2,3
U031,54,1,2
U025,80,1,5
U075,95,1,4
U007,45,1,5
U100,60,1,4
U081,74,1,4
U013,81,2,5
U028,42,2,3
U024,102,1,3
U064,59,2,2
U077,44,1,2
U098,43,1,5
U031,66,1,5
U051,79,1,1
U021,55,1,3
U078,41,1,4
U052,23,1,3
U094,89,2,4
U093,13,3,5
U006,44,1,3
U004,61,1,4
U063,25,1,5
U014,36,1,2
U082,73,2,4
U043,56,3,4
U002,89,1,3
U065,2,3,4
U046,60,1,4
U076,66,2,4
U096,18,2,4
U049,44,1,4
U012,39,1,3
U049,35,1,3
U100,29,2,3
U061,91,2,5
U071,80,2,5
U095,35,2,2
U058,85,1,4
U015,29,1,3
U007,52,1,4
U096,89,3,3
U010,96,2,4
U050,93,2,5
U061,7,2,3
U052,89,3,1
U023,8,2,3
U074,63,4,4
U019,31,2,4
U037,11,2,4
U097,37,3,4
U091,29,1,3
U017,24,1,3
U038,29,1,3
U058,31,1,4
U017,64,2,4
U016,85,1,4
U071,70,1,5
U013,38,2,5
U006,27,1,5
U084,53,2,4
U087,90,2,3
U081,36,1,1
U027,3,1,4
U078,49,1,3
U066,43,2,5
U054,32,1,3
U094,70,2,5
U018,62,1,3
U019,54,1,2
U087,57,1,3
U078,1,1,4
U084,62,2,4
U045,72,1,4
U011,36,1,3
U052,48,2,4
U056,78,2,3
U022,56,2,4
U087,42,1,4
U018,87,1,4
U040,28,3,4
U063,88,1,4
U100,12,1,5
U097,19,2,3
U015,31,2,4
U080,97,2,5
U027,33,1,1
U090,39,1,5
U022,65,1,3
U031,40,4,3
U054,40,1,4
U064,77,2,1
U055,79,2,2
U030,82,1,5
U011,32,1,4
U071,91,1,4
U047,72,1,3
U054,92,1,1
U036,66,1,5
U081,63,2,3
U002,32,3,3
U018,38,2,3
U003,3,1,5
U063,18,1,4
U016,102,3,3
U083,51,1,3
U047,41,1,1
U046,30,2,5
U041,21,1,3
U094,88,3,5
U097,97,3,3
U063,10,2,4
U089,73,2,5
U098,92,2,3
U062,34,2,5
U051,98,1,5
U015,15,2,3
U059,53,4,5
U011,56,1,5
U039,51,1,3
U096,59,2,3
U052,6,4,5
U034,79,1,5
U006,34,1,5
U070,88,1,5
U039,42,3,4
U009,75,1,3
U088,14,2,5
U021,95,1,3
U078,67,2,4
U096,93,2,3
U070,33,2,2
U021,15,1,4
U024,87,2,4
U008,25,1,3
U024,79,3,5
U091,81,1,2
U095,62,2,2
U051,20,1,1
U043,32,1,5
U051,55,2,3
U049,51,1,4
U002,88,1,4
U046,52,2,4
U054,34,1,4
U051,27,2,5
U006,6,1,5
U094,26,1,5
U008,4,1,5
U010,100,2,2
U016,57,2,5
U092,44,1,5
U040,81,2,4
U039,28,1,4
U003,39,1,3
U082,81,1,2
U019,47,2,4
U047,2,1,4
U041,27,1,4
U062,78,1,4
U099,12,3,3
U018,33,1,4
U076,36,2,2
U017,21,2,3
U013,13,1,5
U021,40,1,5
U011,100,2,4
U061,5,2,5
U077,93,2,4
U028,86,1,2
U040,65,1,4
U099,20,1,3
U011,67,2,4
U019,96,2,4
U063,44,1,2
U004,84,4,4
U003,1,2,3
U081,7,1,4
U083,71,1,4
U016,84,2,4
U050,101,2,4
U079,61,1,1
U004,55,1,4
U089,32,2,4
U067,65,1,1
U011,63,1,4
U004,99,1,5
U012,91,1,5
U008,19,1,5
U029,45,2,1
U054,16,1,4
U052,15,1,3
U071,68,2,4
U045,48,1,5
U078,96,1,3
U041,97,2,5
U062,72,1,5
U052,93,1,2
U027,75,3,4
U030,20,2,3
U003,23,3,2
U080,76,1,5
U069,66,1,5
U025,44,1,5
U004,7,2,4
U097,23,2,4
U070,96,1,5
U030,76,1,4
U067,57,2,3
U059,88,1,5
U065,20,2,4
U039,72,1,3
U002,72,4,4
U066,102,1,4
U068,48,1,4
U088,6,1,5
U038,19,1,4
U059,13,3,4
U058,53,1,3
U078,16,1,4
U079,77,1,1
U063,65,2,2
U079,48,1,5
U003,98,1,5
U017,23,1,3
U008,10,2,3
U039,25,3,4
U091,77,1,1
U097,89,1,4
U073,83,1,4
U031,42,1,5
U084,67,2,4
U019,76,2,4
U027,101,4,4
U030,100,1,3
U030,71,1,4
U091,65,1,4
U053,18,1,5
U009,27,3,4
U099,4,1,2
U066,85,2,3
U021,28,1,3
U046,82,2,4
U024,43,1,5
U080,4,1,2
U015,92,1,5
U068,90,2,2
U063,68,1,4
U022,83,2,5
U069,51,1,4
U081,24,1,3
U006,36,3,5
U076,83,1,2
U028,58,1,3
U024,44,2,4
U066,46,1,5
U054,88,1,5
U021,74,1,4
U018,44,2,5
U010,61,1,4
U071,15,1,3
U085,28,1,3
U086,26,2,5
U064,6,1,3
U013,58,1,3
U036,27,4,4
U004,25,3,4
U082,72,1,4
U069,92,2,1
U100,58,2,4
U023,65,1,2
U070,41,1,5
U098,72,2,5
U065,35,2,5
U045,34,2,4
U084,2,1,2
U080,88,2,5
U066,15,2,2
U037,84,2,4
U077,99,2,5
U095,48,2,4
U092,40,2,3
U061,32,1,3
U022,41,2,5
U030,11,1,3
U093,30,1,4
U030,29,1,3
U069,41,2,3
U013,23,1,3
U062,42,1,4
U012,69,1,2
U066,24,1,4
U032,63,2,2
U028,70,2,4
U054,90,2,4
U069,28,3,4
U049,9,1,5
U082,26,2,2
U034,82,1,4
U069,96,1,4
U027,46,3,4
U004,56,3,5
U035,13,3,2
U013,21,2,5
U003,100,1,4
U081,68,4,4
U031,21,2,4
U030,21,1,2
U017,75,2,1
U067,58,2,1
U044,82,1,5
U032,51,1,4
U083,27,1,2
U045,58,1,5
U046,55,1,4
U035,42,2,4
U026,19,2,3
U039,32,2,4
U027,99,1,4
U098,95,1,4
U100,90,3,3
U020,4,1,4
U062,62,2,4
U054,51,1,1
U010,33,1,2
U089,67,2,4
U022,23,1,1
U029,41,1,2
U092,89,1,3
U030,8,2,4
U021,36,1,4
U007,83,2,3
U069,98,1,3
U035,73,3,5
U095,29,2,1
U057,22,1,4
U017,87,2,4
U085,30,2,1
U038,36,1,2
U072,50,1,5
U079,52,1,4
U077,19,2,4
U014,61,1,2
U009,8,4,4
U044,92,1,5
U012,7,1,5
U029,70,1,5
U039,27,4,4
U057,43,2,3
U095,2,1,4
U043,62,2,4
U021,65,1,4
U078,89,2,4
U073,73,1,3
U034,7,1,4
U092,32,1,4
U072,93,3,1
U013,95,1,3
U078,14,2,4
U073,53,3,5
U050,90,2,1
U070,2,2,5
U019,85,1,2
U022,30,2,4
U079,12,1,4
U035,87,2,4
U035,98,2,5
U067,59,2,4
U021,7,2,3
U035,66,2,5
U029,71,2,2
U044,85,2,1
U097,72,1,3
U040,20,1,3
U095,84,1,3
U009,70,2,4
U077,61,1,3
U008,54,1,4
U015,40,1,5
U049,74,2,1
U091,58,4,4
U015,83,4,3
U095,86,2,4
U087,24,1,4
U083,11,1,4
U040,30,3,3
U098,6,1,3
U052,22,3,3
U059,11,1,5
U066,57,1,4
U049,42,2,3
U021,45,1,4
U019,84,1,5
U048,87,1,4
U049,64,3,3
U024,83,1,2
U093,12,3,4
U074,40,2,4
U009,20,3,3
U071,93,2,3
U070,89,1,5
U031,25,2,3
U052,33,1,3
U017,30,3,3
U043,81,1,5
U084,1,1,4
U058,71,2,4
U059,76,2,2
U050,84,1,5
U037,23,1,1
U028,14,3,1
U010,7,3,2
U001,101,2,5
U013,53,2,4
U090,77,1,3
U075,88,1,5
U071,2,2,1
U027,6,2,4
U043,54,2,4
U057,31,1,4
U042,11,1,3
U028,93,1,4
U067,31,2,5
U023,10,3,3
U090,71,3,2
U010,45,1,3
U041,76,2,4
U085,48,2,2
U060,74,1,4
U075,18,1,3
U097,7,4,4
U095,50,3,5
U028,102,1,4
U024,100,2,4
U083,33,4,2
U066,22,1,4
U040,18,1,4
U086,47,1,3
U071,47,1,4
U027,82,2,2
U062,39,1,4
U016,5,1,4
U003,21,1,3
U031,41,1,4
U097,77,1,5
U064,68,3,3
U062,48,1,3
U049,55,1,4
U003,65,2,3
U005,27,1,4
U014,57,1,5
U070,66,2,4
U018,96,2,4
U005,86,2,5
U040,3,3,3
U066,62,1,5
U046,32,2,4
U006,37,1,2
U090,67,1,2
U025,77,4,4
U100,40,1,3
U051,76,1,4
U072,87,2,5
U066,48,2,4
U055,20,1,3
U072,41,2,1
U098,27,3,5
U055,24,4,5
U004,46,1,4
U035,25,3,3
U079,82,1,4
U058,93,1,1
U051,36,1,3
U024,77,2,4
U053,59,2,3
U026,62,1,5
U031,3,2,3
U036,42,1,3
U100,17,4,3
U038,53,3,2
U073,97,1,5
U053,67,2,2
U057,79,1,4
U020,11,1,3
U033,67,1,4
U073,66,1,2
U016,64,3,3
U011,60,1,4
U088,5,2,3
U033,42,2,4
U077,102,1,4
U071,52,2,1
U037,68,1,3
U007,34,1,4
U047,80,2,4
U085,2,1,4
U039,16,1,3
U063,26,1,5
U057,94,1,2
U089,72,2,4
U072,16,2,3
U067,7,2,1
U077,62,1,3
U082,69,3,5
U015,4,1,4
U081,80,3,1
U034,88,3,2
U050,2,1,4
U096,53,1,4
U080,49,1,3
U068,18,1,4
U061,36,1,5
U038,67,1,4
U066,96,1,4
U030,56,2,1
U051,11,3,2
U036,69,1,4
U056,73,1,4
U065,85,1,4
U097,86,2,5
U061,25,1,3
U025,85,1,4
U066,98,1,4
U014,75,2,5
U094,40,1,3
U018,19,2,2
U096,23,1,3
U012,23,2,4
U028,24,1,5
U095,25,2,4
U069,38,1,4
U010,26,1,4
U069,53,2,3
U079,21,3,5
U003,68,1,2
U082,95,1,4
U089,93,2,4
U019,90,1,5
U071,58,2,5
U031,60,2,2
U097,14,1,4
U080,9,3,5
U060,89,1,4
U099,23,2,4
U071,21,3,3
U038,81,2,2
U006,33,3,5
U062,14,2,3
U036,74,1,2
U026,29,2,4
U026,37,2,3
U004,8,2,4
U082,23,2,4
U048,91,1,5
U019,57,1,3
U085,20,1,3
U004,14,3,3
U084,39,1,2
U017,88,1,5
U069,90,1,1
U099,39,2,2
U100,101,2,5
U098,2,2,1
U070,80,3,4
U022,74,1,5
U025,95,1,4
U074,58,1,1
U015,81,1,4
U055,46,1,4
U100,69,1,4
U068,22,3,1
U072,96,1,3
U033,18,2,4
U052,1,1,5
U086,21,1,2
U037,29,1,5
U041,3,1,3
U048,5,4,3
U081,66,1,3
U098,71,3,4
U017,49,1,4
U050,73,2,3
U082,41,2,5
U093,3,3,1
U043,26,2,5
U041,41,2,3
U009,28,2,4
U034,30,2,4
U100,11,2,4
U004,100,1,4
U070,49,1,3
U096,16,2,5
U023,81,3,5
U093,63,1,3
U003,20,2,4
U075,21,2,5
U033,100,1,4
U011,84,2,2
U006,88,3,5
U049,69,1,4
U095,53,1,5
U048,58,2,5
U009,89,2,4
U037,49,1,3
U030,65,1,4
U079,7,2,4
U001,30,2,3
U021,72,1,5
U066,54,3,5
U015,16,1,4
U080,74,1,4
U021,89,2,1
U076,30,1,4
U050,22,3,4
U034,14,2,5
U002,29,1,1
U044,55,3,4
U047,65,1,4
U011,82,2,3
U060,78,1,5
U017,79,1,4
U028,40,1,5
U055,83,2,3
U060,52,1,5
U060,61,1,5
U017,89,1,4
U032,79,4,4
U007,15,2,3
U018,29,4,2
U004,44,2,4
U003,81,1,4
U024,57,1,2
U008,12,3,5
U036,57,1,4
U081,97,1,5
U087,38,1,3
U070,102,2,3
U064,56,4,4
U093,24,2,3
U026,26,3,4
U009,54,3,4
U051,40,1,5
U049,96,1,3
U043,47,2,5
U041,23,2,2
U081,55,2,4
U027,61,2,4
U018,68,2,3
U100,79,2,5
U099,57,1,3
U043,9,1,3
U099,19,1,2
U048,96,2,3
U030,37,3,5
U075,23,1,3
U012,6,1,5
U042,35,1,3
U053,48,3,3
U074,87,2,5
U016,65,1,2
U022,49,2,5
U096,21,1,4
U044,31,1,5
U016,20,3,5
U021,86,1,3
U034,62,1,4
U019,100,1,4
U028,45,4,3
U070,71,2,5
U009,43,1,4
U056,40,1,3
U031,12,3,5
U038,64,2,4
U061,88,1,4
U081,41,1,5
U094,27,3,4
U065,18,1,5
U015,12,3,4
U063,39,2,5
U023,76,1,5
U087,73,1,3
U100,93,3,4
U019,5,1,3
U055,36,1,4
U006,20,1,4
U006,43,3,3
U056,23,1,3
U039,31,2,3
U018,15,1,4
U081,17,1,4
U034,53,2,3
U094,56,2,3
U090,36,3,4
U010,80,1,5
U041,92,1,3
U007,101,1,4
U095,61,1,4
U066,59,1,5
U084,12,2,4
U079,11,3,3
U091,7,1,3
U042,20,1,3
U036,67,1,3
U069,58,2,4
U059,39,3,5
U072,9,1,4
U001,70,1,5
U085,40,4,3
U056,46,2,3
U014,45,1,2
U015,21,2,5
U038,55,1,2
U031,28,2,4
U045,29,1,1
U070,26,2,4
U007,40,1,5
U074,100,2,5
U017,22,2,4
U054,42,1,2
U039,60,3,4
U046,23,1,3
U095,97,2,1
U091,40,1,4
U041,70,2,4
U035,23,1,5
U011,59,3,4
U098,33,2,3
U008,87,1,4
U047,7,2,4
U032,65,2,4
U026,35,1,5
U075,2,1,3
U030,42,1,4
U010,3,2,3
U082,51,2,5
U042,82,2,3
U021,77,1,3
U005,73,1,3
U048,34,1,5
U083,7,1,4
U008,97,2,3
U021,62,1,3
U052,73,1,3
U024,53,1,5
U070,7,1,3
U034,18,2,3
U050,12,1,2
U052,30,1,5
U064,63,1,4
U022,3,2,5
U077,9,3,4
U009,9,2,5
U020,67,1,4
U029,39,2,5
U048,27,1,3
U086,71,1,2
U052,21,1,4
U099,65,1,4
U095,102,4,4
U049,73,4,4
U047,24,2,5
U084,20,1,3
U034,35,3,4
U007,66,2,3
U076,24,3,4
U071,43,4,5
U021,96,1,4
U032,69,2,4
U070,86,2,2
U040,102,3,4
U097,12,1,4
U031,98,2,2
U015,2,2,5
U076,47,2,5
U097,5,1,1
U004,69,1,5
U002,9,1,5
U091,90,1,5
U098,45,3,4
U007,29,1,1
U048,45,2,2
U047,46,1,4
U091,51,4,4
U095,18,3,5
U082,8,3,2
U008,6,3,4
U037,85,1,3
U015,91,1,2
U057,5,3,4
U090,1,2,4
U096,33,1,2
U063,7,1,2
U040,1,1,1
U043,101,1,3
U018,35,1,3
U098,39,1,2
U029,86,1,2
U046,86,1,3
U096,42,1,3
U097,39,1,4
U088,25,1,4
U065,14,3,5
U049,28,1,5
U023,39,2,4
U019,53,1,5
U017,19,2,4
U057,12,2,4
U089,23,1,3
U072,97,1,4
U041,39,1,5
U080,102,1,5
U048,18,3,5
U095,78,1,4
U092,3,2,5
U098,54,3,4
U056,19,3,5
U017,80,2,5
U050,45,2,4
U016,59,3,1
U077,75,1,4
U067,74,1,2
U088,13,2,3
U008,79,1,5
U001,76,2,5
U008,81,2,3
U033,91,4,5
U013,31,3,4
U062,9,2,4
U090,72,2,5
U034,31,3,1
U013,11,1,5
U043,93,1,5
U045,96,3,2
U086,40,1,4
U007,9,1,5
U094,58,3,3
U028,56,1,4
U050,79,2,3
U077,77,2,1
U061,82,1,3
U058,51,1,5
U028,85,1,2
U007,92,1,4
U088,85,2,1
U027,48,2,4
U011,69,1,4
U037,88,1,5
U040,2,2,2
U087,6,2,5
U048,31,1,2
U021,37,1,4
U017,11,2,3
U055,23,1,5
U015,60,3,5
U062,85,2,3
U056,68,3,5
U002,60,3,4
U095,92,1,4
U036,88,1,5
U048,76,2,3
U010,11,2,4
U022,72,1,3
U029,91,2,3
U026,33,1,3
U030,101,1,2
U075,97,1,5
U058,25,2,5
U091,68,2,2
U043,64,1,5
U001,36,3,5
U057,73,1,2
U061,8,2,3
U023,60,1,3
U016,19,1,4
U001,29,1,3
U011,35,1,4
U068,53,1,4
U028,55,2,5
U011,76,1,3
U002,41,1,4
U027,14,1,5
U012,36,1,4
U047,37,1,4
U056,5,3,4
U007,43,3,5
U059,54,1,3
U089,85,2,5
U100,89,3,4
U090,37,3,3
U042,14,1,3
U022,6,2,3
U043,33,2,3
U100,13,1,5
U092,58,1,5
U059,86,2,4
U093,91,2,5
U029,90,2,3
U090,93,1,4
U099,100,2,3
U034,28,2,2
U022,69,3,2
U095,65,3,4
U019,36,1,2
U074,94,3,2
U060,23,1,4
U016,43,4,4
U088,17,2,5
U022,46,1,4
U081,51,3,3
U016,2,2,3
U014,12,2,4
U035,38,2,5
U087,45,2,4
U075,73,3,4
U021,48,1,4
U028,38,1,3
U030,39,3,4
U099,62,1,1
U019,94,2,1
U074,23,2,3
U069,39,1,3
U056,8,2,5
U058,34,1,3
U081,29,1,4
U091,49,1,4
U011,94,1,3
U080,73,2,3
U060,84,1,5
U070,50,3,5
U055,55,1,2
U004,53,1,3
U020,83,2,4
U029,21,1,5
U002,21,2,3
U011,14,2,3
U077,34,2,3
U007,69,2,4
U027,9,1,5
U041,19,3,3
U055,12,2,4
U053,75,2,2
U004,32,3,2
U091,12,3,2
U014,67,1,4
U049,89,1,4
U064,39,3,5
U088,26,2,5
U053,11,3,2
U092,80,1,4
U032,95,2,4
U051,69,2,4
U068,93,1,5
U095,5,1,3
U053,30,2,3
U068,96,3,4
U084,40,1,5
U026,83,1,2
U014,84,1,4
U052,87,3,5
U026,48,1,5
U065,66,1,4
U018,93,1,3
U081,98,3,3
U057,19,1,2
U031,51,1,4
U001,95,1,3
U001,18,2,2
U060,51,1,5
U016,17,2,5
U069,32,2,5
U061,31,2,3
U034,72,2,5
U019,70,1,3
U004,87,1,5
U002,35,2,3
U071,61,2,2
U027,71,2,3
U093,26,1,3
U003,48,1,2
U032,91,2,1
U015,64,1,3
U036,63,2,5
U031,59,1,3
U001,100,1,3
U041,73,2,4
U017,82,1,4
U003,14,2,5
U074,60,1,1
U006,35,2,4
U018,22,1,2
U012,2,1,5
U011,47,1,3
U071,45,1,4
U066,50,1,4
U040,82,1,4
U057,91,1,5
U084,100,1,4
U026,85,1,5
U011,12,2,5
U033,79,2,5
U076,57,2,4
U027,96,1,1
U076,22,1,3
U030,33,2,3
U095,24,2,4
U082,7,1,5
U003,77,3,5
U062,96,1,5
U005,80,1,4
U034,90,1,3
U014,63,1,4
U055,38,2,5
U018,97,1,1
U056,70,3,3
U079,5,2,3
U043,77,1,4
U069,89,1,4
U006,92,2,2
U003,34,3,5
U006,1,1,5
U010,6,2,5
U003,78,2,3
U028,11,2,5
U004,13,3,4
U056,30,2,3
U078,102,1,4
U009,60,2,5
U007,36,2,4
U047,18,1,3
U040,62,1,5
U007,4,1,4
U004,98,1,5
U092,61,1,4
U027,81,2,5
U080,44,1,4
U051,82,2,2
U008,32,3,4
U012,82,3,5
U022,102,1,3
U057,82,1,3
U044,33,2,3
U060,36,2,3
U005,67,1,4
U099,13,1,3
U037,1,2,3
U062,36,1,3
U005,92,1,5
U022,17,1,5
U004,101,1,3
U100,59,1,3
U083,22,1,3
U048,12,2,4
U086,82,1,3
U084,57,2,3
U081,62,2,4
U039,2,2,3
U051,66,1,3
U020,101,1,3
U012,47,1,5
U097,79,1,4
U013,89,2,5
U080,62,2,3
U006,63,2,3
U081,64,2,4
U034,32,2,5
U012,97,1,4
U089,68,3,5
U100,97,2,2
U005,54,1,4
U002,42,2,4
U099,5,2,3
U084,70,1,5
U022,59,2,3
U036,92,1,3
U072,75,2,4
U087,33,2,3
U001,15,2,4
U068,33,2,3
U057,29,3,5
U057,96,1,5
U004,52,2,2
U064,38,1,3
U034,68,1,3
U079,37,2,5
U054,28,1,5
U039,99,3,4
U061,59,3,4
U063,20,1,1
U079,67,1,5
U074,83,1,4
U020,10,2,3
U090,66,2,4
U064,18,2,4
U066,91,2,5
U006,71,2,4
U035,2,1,3
U065,81,1,4
U042,50,1,2
U003,63,2,3
U044,87,1,4
U067,52,1,3
U011,79,1,4
U007,93,2,3
U056,12,1,5
U019,63,3,3
U076,10,1,4
U059,50,1,5
U093,41,1,4
U087,91,1,3
U080,15,3,4
U082,49,1,3
U001,87,1,4
U022,97,2,4
U036,20,2,4
U013,28,1,2
U046,71,1,4
U020,85,4,4
U047,50,2,5
U048,89,1,4
U086,94,1,5
U079,1,2,3
U023,36,2,5
U065,89,2,5
U060,88,1,3
U050,87,1,2
U026,78,1,3
U038,31,1,3
U094,68,1,3
U045,67,3,2
U037,69,2,4
U027,94,1,2
U035,82,4,3
U099,25,1,2
U084,34,1,4
U059,69,1,3
U053,13,1,4
U019,13,1,3
U034,98,1,5
U077,53,1,4
U018,10,1,4
U050,57,1,4
U040,9,3,4
U037,94,1,4
U054,60,1,5
U050,81,3,2
U077,29,1,2
U074,14,1,5
U077,22,3,4
U075,65,1,4
U100,43,1,3
U086,7,2,3
U046,72,1,2
U004,83,2,3
U061,23,3,4
U041,51,2,3
U063,73,1,3
U034,76,1,5
U077,24,2,4
U003,70,2,3
U007,85,2,4
U059,71,1,5
U049,86,1,5
U084,37,4,3
U042,101,1,2
U063,16,3,5
U026,7,1,4
U090,41,1,5
U018,65,2,4
U020,6,2,2
U053,53,2,2
U046,56,1,4
U042,47,4,4
U096,26,1,1
U024,37,1,4
U082,19,2,3
U069,81,3,4
U033,27,2,5
U008,74,1,5
U059,31,1,2
U002,5,2,4
U036,15,2,4
U005,77,2,4
U098,28,2,4
U062,82,2,4
U046,14,2,5
U068,82,1,2
U056,3,1,4
U060,34,1,4
U072,3,1,3
U099,26,2,3
U025,20,1,5
U017,59,2,4
U061,16,1,3
U002,82,2,5
U063,82,1,5
U066,83,1,3
U093,50,1,3
U049,37,2,4
U008,59,2,4
U085,60,2,3
U062,37,1,5
U065,39,1,3
U048,32,2,4
U025,68,1,4
U049,7,1,3
U057,24,1,3
U053,65,1,2
U030,17,2,4
U038,95,1,4
U033,68,1,1
U011,58,1,3
U037,51,1,4
U100,73,2,4
U082,18,1,5
U060,50,3,5
U073,25,1,4
U074,43,1,3
U082,2,2,4
U049,90,1,2
U062,84,3,5
U055,92,2,5
U006,78,3,5
U093,77,3,4
U028,6,1,4
U060,80,3,5
U061,26,3,4
U046,81,1,3
U049,71,1,3
U054,19,3,5
U098,82,1,4
U068,92,3,5
U072,56,3,3
U046,43,1,3
U084,47,1,5
U044,102,2,2
U037,17,1,5
U036,75,1,4
U022,52,2,3
U013,1,2,5
U004,60,4,3
U091,41,1,4
U022,51,2,5
U020,8,1,3
U009,91,1,5
U054,91,2,3
U088,9,1,4
U099,48,1,4
U070,31,1,3
U030,22,2,4
U003,42,1,3
U067,83,2,5
U045,74,2,3
U089,96,1,4
U096,15,1,4
U014,56,2,1
U002,8,4,5
U076,20,1,3
U034,26,3,5
U092,19,2,4
U072,81,1,4
U050,13,2,4
U079,34,1,4
U037,97,2,4
U009,98,1,5
U048,57,1,3
U023,57,2,2
U034,86,3,3
U039,43,2,5
U092,37,2,5
U080,34,1,5
U037,45,2,5
U021,46,2,4
U057,78,1,3
U042,95,1,3
U075,22,1,4
U031,64,1,5
U006,82,1,3
U021,20,2,5
U097,43,1,3
U050,28,4,5
U030,26,1,3
U098,37,1,2
U005,75,1,2
U043,79,3,3
U076,78,2,5
U097,21,2,3
U038,87,1,4
U025,49,1,3
U066,35,1,4
U069,36,2,5
U001,12,1,3
U020,62,1,4
U014,43,1,5
U055,32,4,2
U061,63,1,4
U088,74,2,2
U035,44,1,3
U082,64,1,3
U095,95,1,2
U035,95,1,4
U044,53,4,4
U008,40,3,2
U046,51,1,5
U079,78,3,3
U013,85,1,2
U017,60,2,4
U099,102,1,5
U054,21,2,2
U026,21,2,4
U070,90,2,3
U052,47,2,1
U039,90,2,4
U089,13,2,4
U039,39,1,4
U065,90,2,3
U062,44,3,3
U073,79,3,3
U100,92,1,2
U026,12,2,3
U002,94,1,5
U018,60,2,4
U066,12,2,5
U068,6,2,4
U084,99,3,1
U017,2,3,4
U021,79,1,1
U024,47,1,3
U011,20,3,2
U048,97,2,5
U063,53,3,5
U080,100,1,3
U052,2,2,4
U098,1,3,3
U005,11,2,2
U052,66,2,3
U055,53,1,5
U056,29,1,4
U098,40,1,4
U068,67,1,5
U035,79,1,4
U096,58,2,4
U051,88,1,2
U008,80,1,2
U057,41,1,1
U087,63,2,2
U100,30,1,4
U040,59,1,5
U029,92,2,4
U035,99,1,3
U062,25,1,5
U067,71,2,5
U084,45,2,4
U065,78,4,3
U025,65,1,5
U028,101,1,3
U059,8,2,5
U058,90,1,3
U040,71,3,4
U026,16,2,4
U032,44,2,5
U074,62,3,2
U091,6,1,4
U078,91,1,5
U059,87,2,5
U040,48,1,5
U006,65,3,4
U038,39,2,3
U085,64,1,5
U056,25,2,5
U042,12,1,3
U006,7,4,5
U033,62,1,5
U097,74,1,4
U032,66,2,3
U019,20,2,3
U013,77,2,1
U033,85,3,3
U049,46,3,4
U042,92,1,1
U045,66,1,4
U003,101,1,2
U071,85,1,2
U086,16,4,4
U051,42,2,2
U046,87,1,4
U039,71,2,4
U063,80,1,3
U100,19,3,2
U001,32,1,4
U052,74,1,5
U087,72,1,4
U013,10,1,4
U079,97,2,3
U093,69,1,3
U022,10,3,3
U052,14,1,1
U056,90,2,5
U043,39,1,4
U091,73,2,3
U016,50,1,4
U071,54,1,5
U097,101,3,5
U016,76,2,5
U007,23,1,5
U059,74,1,4
U062,20,1,4
U029,9,2,4
U003,82,3,4
U089,50,1,4
U037,18,2,2
U043,22,2,3
U071,38,1,4
U057,86,1,5
U060,19,2,5
U024,67,2,4
U050,20,3,4
U033,72,2,3
U020,88,1,5
U026,67,1,5
U016,93,1,2
U001,65,1,4
U035,83,3,1
U002,100,4,4
U047,58,1,3
U042,41,3,5
U091,99,1,3
U021,93,1,5
U048,16,2,4
U027,45,1,3
U039,62,1,2
U055,5,1,5
U062,88,2,5
U012,71,2,5
U073,86,1,4
U058,39,1,5
U040,91,1,4
U091,74,2,3
U025,70,1,4
U008,43,2,5
U050,68,2,5
U044,64,3,4
U068,14,3,4
U031,31,1,4
U035,33,1,4
U080,59,1,3
U029,88,2,5
U097,78,1,5
U001,28,1,4
U007,59,1,4
U070,101,1,4
U066,44,4,4
U099,89,1,2
U048,81,2,4
U051,90,1,5
U099,91,2,4
U009,3,1,5
U059,30,1,5
U051,51,3,3
U099,15,1,4
U083,13,1,5
U030,36,1,3
U009,53,1,4
U015,20,1,5
U025,17,1,5
U086,67,2,5
U086,33,1,4
U083,4,3,4
U082,39,1,5
U026,58,1,4
U100,86,2,5
U055,64,1,5
U024,50,3,3
U008,31,2,4
U064,88,2,1
U062,77,1,2
U001,91,3,5
U055,62,2,5
U099,42,1,4
U028,94,2,4
U033,49,3,2
U082,20,2,3
U052,5,4,4
U084,82,1,4
U079,50,2,4
U050,19,2,4
U096,90,1,3
U014,53,1,2
U040,63,4,5
U082,61,1,3
U011,62,1,4
U002,49,1,3
U090,18,1,4
U022,91,2,3
U098,42,1,2
U072,58,1,4
U011,90,1,4
U002,30,1,4
U038,76,1,3
U054,6,2,1
U072,83,3,4
U024,68,2,3
U085,44,1,5
U099,44,2,3
U035,24,2,4
U094,75,1,5
U032,73,3,2
U086,39,4,5
U063,75,1,2
U060,63,1,3
U073,15,2,3
U080,33,2,4
U084,30,1,3
U067,11,2,3
U093,49,1,5
U040,69,2,3
U008,29,1,4
U050,18,1,5
U061,51,3,4
U042,49,1,4
U084,18,1,3
U046,22,1,3
U048,39,2,3
U008,82,2,3
U094,43,1,5
U090,89,3,3
U026,14,2,5
U059,45,2,2
U065,88,1,4
U084,69,1,5
U005,31,1,5
U075,58,2,3
U075,66,2,3
U030,24,2,4
U090,3,2,4
U059,67,3,2
U003,26,1,5
U007,81,2,3
U020,57,2,4
U098,9,1,4
U010,32,1,4
U096,12,2,4
U058,94,1,3
U100,46,1,1
U001,14,1,3
U052,61,1,4
U091,92,1,4
U055,58,1,3
U022,55,2,4
U013,27,1,5
U069,44,1,2
U046,4,3,3
U088,67,1,4
U046,67,2,4
U083,14,3,5
U096,4,2,2
U031,65,1,1
U017,10,1,4
U086,81,2,1
U013,71,1,3
U068,79,3,4
U075,31,3,3
U007,75,3,4
U024,21,1,4
U032,61,1,3
U100,26,2,4
U096,70,2,5
U028,78,2,3
U048,55,2,4
U025,99,2,5
U092,15,1,3
U061,4,2,3
U007,97,1,5
U086,6,1,4
U098,79,1,5
U020,92,2,5
U049,6,3,2
U096,65,1,4
U033,41,3,4
U071,28,2,3
U023,46,1,3
U070,37,1,5
U009,50,2,2
U059,61,2,4
U063,49,1,4
U031,32,1,5
U007,94,2,3
U038,23,1,4
U080,32,2,3
U051,52,1,3
U010,70,1,5
U085,101,4,3
U046,21,1,5
U014,82,3,4
U015,71,1,1
U093,66,1,5
U020,14,1,5
U006,55,3,5
U062,90,2,4
U010,9,1,4
U076,21,1,5
U043,36,1,5
U012,38,1,4
U075,79,1,4
U097,45,3,4
U096,75,1,5
U059,51,1,4
U087,70,1,5
U074,46,2,4
U019,93,2,4
U089,81,1,3
U044,18,1,5
U083,96,2,2
U011,23,2,4
U032,3,1,4
U001,4,2,4
U006,97,3,5
U035,52,2,5
U097,54,2,5
U049,63,1,2
U086,62,2,5
U086,88,3,3
U089,30,1,2
U073,24,1,4
U073,21,1,3
U080,99,1,3
U067,36,1,5
U092,2,2,4
U022,86,1,4
U079,100,3,4
U059,70,2,3
U065,13,1,5
U095,63,1,4
U085,54,2,3
U072,1,3,5
U034,69,1,4
U094,78,4,5
U065,67,2,2
U090,28,1,4
U016,68,1,4
U033,8,1,5
U075,47,1,3
U077,66,1,5
U036,22,2,3
U071,72,2,1
U066,52,2,3
U050,53,1,4
U031,75,1,4
U032,76,1,5
U068,38,3,3
U072,80,3,2
U073,19,1,4
U065,27,2,5
U099,68,2,4
U065,54,1,2
U078,27,2,5
U071,29,1,3
U080,57,2,3
U087,25,2,4
U070,54,2,1
U098,16,1,3
U096,85,1,2
U086,96,1,2
U094,91,1,4
U040,79,2,4
U033,61,2,5
U052,32,2,3
U094,17,1,3
U028,99,1,4
U034,13,1,3
U029,38,2,4
U057,10,1,3
U066,6,1,5
U091,70,1,4
U061,48,2,4
U026,45,1,5
U055,97,1,5
U027,85,1,5
U062,83,2,4
U088,63,1,4
U038,72,1,3
U095,100,2,5
U074,71,2,3
U024,81,3,4
U005,85,1,3
U052,71,3,5
U028,100,1,5
U065,93,1,2
U038,85,1,3
U045,13,1,5
U083,61,1,5
U091,100,1,3
U077,59,1,3
U046,24,1,3
U082,63,1,4
U054,12,1,4
U010,4,4,5
U020,59,3,4
U040,86,2,2
U045,75,1,4
U020,52,1,4
U039,100,1,3
U094,84,2,5
U064,44,1,1
U053,96,1,3
U033,65,3,4
U096,76,1,5
U031,93,2,5
U050,9,2,5
U082,54,1,5
U037,70,1,5
U035,59,4,4
U005,41,1,3
U041,85,1,3
U093,84,1,3
U083,9,3,4
U020,42,2,5
U026,18,1,2
U055,71,2,3
U055,28,2,5
U048,22,3,4
U040,53,2,4
U010,29,2,5
U007,25,3,4
U054,46,2,5
U002,52,1,4
U052,20,1,4
U011,42,2,3
U079,9,1,4
U019,48,2,1
U015,78,1,3
U021,85,2,2
U090,5,1,3
U020,39,1,4
U030,67,2,4
U079,79,1,2
U060,5,1,5
U056,63,3,5
U078,84,1,4
U033,94,3,3
U059,101,2,2
U071,69,1,3
U026,56,1,3
U003,15,2,4
U001,5,1,4
U061,47,1,1
U055,80,4,4
U025,5,1,4
U019,28,1,5
U009,99,1,5
U039,101,1,3
U011,91,1,1
U040,8,2,1
U056,91,1,2
U046,95,1,4
U017,33,2,4
U094,18,1,4
U036,12,1,5
U093,14,1,4
U015,53,2,4
U091,42,1,5
U052,50,1,5
U066,80,1,3
U093,38,1,4
U077,76,3,3
U023,61,1,2
U100,61,1,4
U041,10,1,4
U013,61,2,5
U051,84,2,4
U010,84,1,4
U008,26,1,4
U082,33,1,3
U037,16,1,3
U020,63,1,2
U035,12,2,4
U078,47,1,3
U095,21,1,4
U058,13,1,4
U028,57,2,4
U073,33,1,4
U052,54,1,3
U053,90,1,5
U073,29,1,4
U082,21,1,3
U057,14,1,5
U010,97,2,2
U002,99,1,3
U039,37,2,2
U026,71,2,4
U075,94,2,4
U077,85,1,4
U099,40,1,2
U072,52,2,3
U005,6,3,5
U071,65,1,4
U047,63,2,4
U028,22,2,3
U071,12,1,5
U039,49,1,5
U012,17,2,2
U001,55,1,3
U016,13,1,2
U030,92,2,4
U020,94,1,4
U067,49,2,4
U008,61,1,5
U043,10,1,4
U001,78,2,4
U033,95,1,4
U097,87,2,4
U079,19,1,3
U060,53,3,3
U080,89,1,4
U043,19,1,2
U066,2,1,4
U083,90,3,3
U028,97,1,5
U099,28,2,4
U035,92,1,3
U050,83,1,2
U009,90,1,4
U096,24,1,5
U050,88,1,3
U035,55,2,5
U078,53,1,3
U090,29,2,5
U026,92,1,3
U056,64,3,3
U024,48,3,4
U082,13,2,4
U044,39,1,4
U038,8,1,4
U013,98,1,3
U001,93,1,4
U069,71,1,5
U023,102,1,4
U061,60,1,3
U014,24,1,2
U050,97,2,4
U063,61,1,5
U019,87,1,4
U041,5,2,5
U075,85,1,3
U079,29,1,2
U017,70,1,3
U039,78,1,5
U069,78,2,5
U089,69,2,4
U007,30,1,5
U089,25,1,4
U045,89,1,4
U058,70,1,5
U072,69,2,3
U004,81,2,3
U077,88,2,4
U017,31,2,3
U064,67,1,3
U023,40,2,4
U006,96,2,3
U086,42,1,3
U054,78,2,3
U091,20,1,5
U056,62,1,5
U058,7,1,3
U067,29,1,5
U044,20,4,4
U076,28,1,5
U058,37,1,4