user_id,primary_persona,secondary_persona,favorite_product_ids,p_repeat,novelty,orders_per_week,caffeine_sensitive,churn_date
U001,specialty,,15|16|19,0.504,0.098,2.5,False,
U002,sweet_tooth,,63|65|69,0.887,0.127,0.8,False,
U003,explorer,,5|30|49,0.647,0.119,5.0,False,
U004,smoothie_student,truyen_thong,27|36|89,0.698,0.211,0.8,True,
U005,truyen_thong,,1|5|57,0.661,0.007,0.8,False,
U006,healthy,,51|70|83,0.375,0.061,2.5,True,
U007,explorer,,25|29|49,0.566,0.203,0.8,False,2026-04-23
U008,specialty,truyen_thong,10|21|34,0.231,0.042,2.5,False,
U009,fruit_tea,,42|44|96,0.59,0.122,0.8,False,
U010,matcha,,46|64|96,0.933,0.154,0.8,False,
U011,truyen_thong,fruit_tea,43|49|94,0.747,0.089,0.8,False,
U012,sweet_tooth,,57|58|61,0.412,0.008,0.8,False,
U013,truyen_thong,,2|4|6,0.728,0.054,0.8,False,
U014,matcha,,3|29|31,0.858,0.05,0.8,False,
U015,truyen_thong,,1|7|38,0.481,0.065,2.5,False,
U016,fruit_tea,,42|48|95,0.645,0.084,0.8,False,
U017,fruit_tea,,43|49|84,0.347,0.007,0.8,False,
U018,fruit_tea,,18|40|51,0.695,0.037,2.5,False,2026-06-30
U019,fruit_tea,,39|49|72,0.476,0.085,0.8,False,
U020,matcha,,31|35|96,0.819,0.133,5.0,False,
U021,specialty,,11|14|21,0.49,0.116,0.8,False,
U022,specialty,,19|23|88,0.834,0.132,0.8,False,
U023,matcha,,3|19|30,0.462,0.055,0.8,True,
U024,healthy,,32|76|79,0.927,0.106,2.5,True,
U025,truyen_thong,,1|2|8,0.388,0.131,2.5,False,
U026,explorer,,22|73|80,0.889,0.009,2.5,False,
U027,fruit_tea,specialty,15|20|39,0.648,0.069,0.8,False,
U028,smoothie_student,,25|78|93,0.825,0.034,5.0,True,
U029,sweet_tooth,,11|12|65,0.474,0.141,0.8,False,
U030,matcha,fruit_tea,27|29|91,0.538,0.05,0.8,False,
U031,healthy,sweet_tooth,10|55|63,0.681,0.099,2.5,False,
U032,sweet_tooth,healthy,54|58|71,0.506,0.002,0.8,False,
U033,truyen_thong,,1|6|11,0.728,0.038,2.5,False,
U034,smoothie_student,fruit_tea,74|76|82,0.732,0.066,5.0,False,
U035,fruit_tea,,38|39|45,0.458,0.076,5.0,False,
U036,truyen_thong,healthy,7|9|85,0.648,0.092,2.5,False,
U037,explorer,,36|87|88,0.744,0.161,5.0,False,
U038,truyen_thong,,1|7|28,0.651,0.048,0.8,False,
U039,sweet_tooth,,8|53|56,0.889,0.077,2.5,False,
U040,explorer,,49|53|67,0.686,0.015,2.5,False,
U041,matcha,smoothie_student,29|74|75,0.721,0.18,2.5,True,2026-07-27
U042,truyen_thong,fruit_tea,7|9|42,0.581,0.064,0.8,False,
U043,matcha,,3|27|34,0.895,0.058,0.8,False,
U044,matcha,specialty,17|57|74,0.628,0.159,0.8,True,
U045,healthy,explorer,62|70|86,0.332,0.002,0.8,True,2026-05-29
U046,fruit_tea,,36|38|60,0.691,0.125,0.8,False,
U047,fruit_tea,,40|84|89,0.782,0.185,0.8,False,
U048,matcha,,27|29|71,0.53,0.09,2.5,True,
U049,sweet_tooth,,35|54|69,0.868,0.037,2.5,True,
U050,specialty,fruit_tea,16|18|39,0.725,0.324,2.5,False,
U051,fruit_tea,,36|37|81,0.673,0.174,0.8,True,2026-03-16
U052,explorer,,3|27|40,0.844,0.013,0.8,True,
U053,truyen_thong,,4|6|82,0.544,0.198,0.8,False,
U054,fruit_tea,sweet_tooth,37|39|67,0.743,0.054,0.8,True,2026-06-13
U055,truyen_thong,smoothie_student,6|9|63,0.612,0.068,2.5,False,
U056,smoothie_student,,7|54|78,0.598,0.099,2.5,True,
U057,healthy,,79|85|89,0.723,0.221,5.0,False,
U058,matcha,,28|29|31,0.566,0.026,5.0,False,
U059,matcha,,26|31|35,0.961,0.141,2.5,False,
U060,smoothie_student,,36|69|74,0.746,0.24,0.8,True,
U061,matcha,fruit_tea,27|28|49,0.434,0.059,0.8,False,
U062,specialty,,10|25|46,0.546,0.057,0.8,True,
U063,fruit_tea,specialty,5|40|96,0.528,0.033,2.5,True,
U064,truyen_thong,,4|8|10,0.841,0.011,2.5,False,2026-03-22
U065,truyen_thong,,1|2|6,0.848,0.073,0.8,False,
U066,healthy,specialty,38|45|50,0.53,0.044,0.8,False,
U067,sweet_tooth,,35|53|71,0.767,0.032,2.5,False,
U068,smoothie_student,,34|54|78,0.759,0.078,5.0,False,
U069,fruit_tea,,22|42|49,0.839,0.285,0.8,False,
U070,smoothie_student,,72|73|95,0.813,0.019,0.8,False,
U071,healthy,,70|71|91,0.962,0.169,5.0,True,
U072,sweet_tooth,,11|32|61,0.842,0.086,5.0,False,
U073,healthy,,43|76|89,0.723,0.011,0.8,False,
U074,sweet_tooth,specialty,16|30|32,0.715,0.065,0.8,False,
U075,fruit_tea,sweet_tooth,48|51|95,0.422,0.007,2.5,True,
U076,sweet_tooth,matcha,45|53|68,0.753,0.05,0.8,True,2026-07-03
U077,matcha,,19|29|46,0.715,0.019,0.8,True,
U078,matcha,sweet_tooth,28|33|57,0.923,0.129,0.8,False,
U079,healthy,,85|86|89,0.758,0.12,0.8,False,
U080,truyen_thong,fruit_tea,2|5|10,0.646,0.052,2.5,False,
U081,specialty,,10|18|21,0.618,0.015,0.8,False,
U082,healthy,,47|88|90,0.699,0.073,2.5,False,
U083,truyen_thong,,26|73|83,0.617,0.112,5.0,False,
U084,explorer,,78|83|95,0.711,0.138,0.8,False,
U085,truyen_thong,,4|10|50,0.654,0.04,2.5,False,
U086,specialty,sweet_tooth,19|22|63,0.806,0.081,5.0,False,
U087,sweet_tooth,specialty,58|60|67,0.852,0.035,2.5,False,
U088,matcha,sweet_tooth,12|61|82,0.877,0.087,0.8,False,
U089,specialty,,11|16|19,0.652,0.092,2.5,False,
U090,specialty,explorer,8|18|84,0.804,0.1,0.8,False,
U091,smoothie_student,,74|76|77,0.616,0.004,2.5,False,
U092,fruit_tea,,40|43|54,0.774,0.016,0.8,False,
U093,healthy,truyen_thong,47|52|87,0.71,0.128,2.5,False,
U094,truyen_thong,,2|4|28,0.829,0.043,2.5,False,
U095,explorer,sweet_tooth,14|40|78,0.649,0.077,5.0,False,
U096,truyen_thong,,1|2|6,0.797,0.177,2.5,True,2026-05-27
U097,smoothie_student,,61|76|82,0.859,0.046,0.8,True,
U098,truyen_thong,,1|7|96,0.858,0.018,2.5,True,
U099,specialty,,12|19|23,0.688,0.231,0.8,False,
U100,healthy,specialty,23|37|90,0.611,0.138,0.8,False,
U101,healthy,,12|43|90,0.424,0.087,5.0,False,
U102,specialty,,18|20|23,0.662,0.107,5.0,False,
U103,sweet_tooth,,8|54|56,0.853,0.012,0.8,False,2026-03-05
U104,matcha,,29|30|35,0.769,0.007,2.5,True,
U105,truyen_thong,matcha,4|44|72,0.776,0.07,0.8,False,
U106,healthy,fruit_tea,22|37|38,0.897,0.037,5.0,False,
U107,truyen_thong,matcha,2|4|32,0.614,0.088,2.5,True,2026-06-17
U108,matcha,truyen_thong,29|32|35,0.499,0.033,5.0,False,
U109,truyen_thong,,1|7|81,0.64,0.004,2.5,False,
U110,explorer,,1|4|22,0.628,0.015,2.5,True,
U111,smoothie_student,healthy,77|82|90,0.603,0.038,2.5,False,
U112,truyen_thong,,5|6|8,0.793,0.394,0.8,False,
U113,explorer,,69|83|88,0.713,0.054,0.8,False,
U114,matcha,,26|28|32,0.796,0.123,0.8,False,
U115,matcha,specialty,27|28|29,0.819,0.147,0.8,False,
U116,specialty,,15|85|88,0.718,0.057,2.5,False,
U117,specialty,,12|31|54,0.759,0.053,0.8,False,
U118,sweet_tooth,smoothie_student,11|56|69,0.468,0.178,0.8,False,2026-04-22
U119,smoothie_student,,6|33|75,0.675,0.186,0.8,False,
U120,matcha,sweet_tooth,8|27|65,0.471,0.059,0.8,False,
U121,sweet_tooth,specialty,58|67|72,0.846,0.058,2.5,False,
U122,sweet_tooth,,55|60|67,0.604,0.135,2.5,False,
U123,specialty,smoothie_student,6|72|73,0.676,0.133,0.8,False,
U124,fruit_tea,,40|44|49,0.592,0.131,0.8,True,
U125,specialty,,5|14|23,0.722,0.026,0.8,True,
U126,smoothie_student,,2|78|81,0.691,0.116,0.8,False,
U127,truyen_thong,,1|39|69,0.762,0.094,5.0,True,
U128,healthy,smoothie_student,72|76|83,0.698,0.1,0.8,True,
U129,matcha,,7|32|36,0.865,0.17,2.5,False,2026-06-26
U130,truyen_thong,,1|7|9,0.625,0.15,2.5,False,
U131,fruit_tea,,36|42|77,0.475,0.061,0.8,False,
U132,truyen_thong,specialty,1|2|13,0.675,0.071,2.5,False,
U133,smoothie_student,sweet_tooth,52|68|79,0.747,0.005,0.8,False,
U134,fruit_tea,,32|41|47,0.406,0.071,0.8,False,
U135,matcha,,3|32|54,0.882,0.11,2.5,True,
U136,truyen_thong,,1|2|14,0.814,0.072,0.8,False,
U137,truyen_thong,,14|47|77,0.782,0.078,2.5,False,
U138,sweet_tooth,smoothie_student,57|58|65,0.339,0.159,5.0,False,
U139,sweet_tooth,fruit_tea,8|61|69,0.577,0.055,5.0,False,
U140,truyen_thong,sweet_tooth,1|7|15,0.73,0.049,0.8,True,
U141,healthy,,46|83|88,0.848,0.111,2.5,True,
U142,truyen_thong,,2|7|69,0.777,0.038,2.5,False,
U143,truyen_thong,,2|6|86,0.773,0.062,2.5,False,
U144,explorer,,42|62|92,0.542,0.128,0.8,False,
U145,matcha,fruit_tea,27|32|96,0.701,0.314,0.8,False,
U146,healthy,,51|86|87,0.609,0.027,0.8,False,
U147,truyen_thong,sweet_tooth,4|5|8,0.588,0.098,0.8,False,
U148,healthy,,39|84|86,0.883,0.119,2.5,False,
U149,truyen_thong,,5|6|7,0.698,0.053,2.5,True,
U150,specialty,,16|18|58,0.843,0.135,5.0,True,
U151,matcha,,3|32|34,0.68,0.012,5.0,False,2026-04-29
U152,truyen_thong,,2|7|9,0.43,0.062,0.8,True,
U153,sweet_tooth,,9|10|59,0.393,0.067,0.8,False,
U154,healthy,,14|50|85,0.938,0.061,2.5,False,
U155,truyen_thong,,1|2|41,0.189,0.085,0.8,False,
U156,fruit_tea,,38|44|94,0.738,0.117,5.0,False,
U157,specialty,,19|89|95,0.619,0.039,0.8,False,
U158,healthy,,52|83|85,0.701,0.05,2.5,False,
U159,specialty,,21|22|25,0.717,0.071,0.8,False,
U160,fruit_tea,,2|49|52,0.58,0.028,0.8,False,
U161,matcha,,29|30|34,0.303,0.109,5.0,False,2026-03-24
U162,explorer,,36|70|89,0.731,0.069,0.8,False,
U163,sweet_tooth,,10|57|61,0.519,0.205,2.5,True,
U164,truyen_thong,,6|8|21,0.783,0.114,5.0,False,
U165,smoothie_student,,37|73|77,0.907,0.309,5.0,True,
U166,sweet_tooth,,58|66|69,0.72,0.085,2.5,False,
U167,matcha,,3|27|34,0.59,0.037,5.0,True,
U168,smoothie_student,,36|67|82,0.801,0.184,2.5,False,
U169,matcha,,3|26|34,0.695,0.157,2.5,False,
U170,explorer,,1|9|62,0.826,0.04,0.8,False,
U171,healthy,,74|87|90,0.686,0.114,0.8,False,
U172,specialty,,5|22|24,0.618,0.165,0.8,True,
U173,explorer,truyen_thong,63|68|88,0.521,0.051,0.8,False,
U174,fruit_tea,matcha,29|39|91,0.68,0.068,0.8,False,
U175,smoothie_student,,6|69|79,0.935,0.023,0.8,True,
U176,fruit_tea,sweet_tooth,39|43|61,0.878,0.073,2.5,False,2026-06-28
U177,truyen_thong,,6|7|48,0.727,0.052,2.5,False,
U178,matcha,truyen_thong,1|30|64,0.498,0.266,5.0,False,
U179,truyen_thong,smoothie_student,4|6|79,0.591,0.141,0.8,False,
U180,sweet_tooth,,63|65|67,0.711,0.098,0.8,True,
U181,smoothie_student,,6|69|79,0.626,0.008,0.8,False,
U182,truyen_thong,,6|8|37,0.779,0.029,0.8,False,
U183,smoothie_student,,36|75|82,0.572,0.072,2.5,False,
U184,sweet_tooth,,11|66|69,0.588,0.057,5.0,False,
U185,healthy,,45|46|83,0.512,0.127,5.0,False,2026-06-03
U186,healthy,,50|51|76,0.684,0.27,2.5,False,
U187,matcha,,23|27|31,0.87,0.014,0.8,False,
U188,fruit_tea,,8|40|94,0.926,0.176,0.8,False,
U189,truyen_thong,fruit_tea,21|37|96,0.716,0.078,0.8,False,
U190,smoothie_student,,54|72|75,0.847,0.022,0.8,False,
U191,fruit_tea,,37|40|96,0.628,0.066,2.5,False,2026-04-22
U192,explorer,truyen_thong,16|44|50,0.792,0.036,2.5,False,
U193,smoothie_student,,41|70|91,0.425,0.014,0.8,False,
U194,matcha,,3|36|64,0.466,0.217,2.5,False,
U195,truyen_thong,,6|7|9,0.592,0.226,2.5,False,2026-03-31
U196,matcha,,26|27|34,0.772,0.068,2.5,False,
U197,truyen_thong,,5|6|31,0.722,0.031,2.5,False,
U198,sweet_tooth,,20|54|55,0.737,0.024,2.5,False,
U199,specialty,,14|16|20,0.646,0.006,0.8,False,
U200,sweet_tooth,smoothie_student,35|60|71,0.618,0.024,0.8,True,
U201,specialty,,17|20|24,0.682,0.017,0.8,False,
U202,sweet_tooth,,10|57|65,0.891,0.227,2.5,False,
U203,specialty,healthy,19|84|90,0.733,0.005,0.8,False,2026-04-25
U204,truyen_thong,,1|4|7,0.61,0.33,0.8,False,
U205,matcha,,1|28|68,0.503,0.064,0.8,False,
U206,truyen_thong,matcha,4|10|64,0.841,0.092,5.0,True,
U207,matcha,,3|28|64,0.853,0.054,0.8,False,
U208,specialty,,15|17|21,0.352,0.159,0.8,False,
U209,specialty,,16|24|93,0.756,0.01,0.8,False,2026-04-22
U210,fruit_tea,truyen_thong,41|43|93,0.54,0.073,2.5,True,2026-05-02
U211,specialty,,15|16|79,0.955,0.047,0.8,False,
U212,specialty,,15|23|24,0.766,0.02,5.0,False,
U213,smoothie_student,,9|75|81,0.784,0.014,2.5,False,
U214,fruit_tea,smoothie_student,79|92|95,0.671,0.01,2.5,False,
U215,healthy,,52|86|90,0.449,0.075,2.5,True,
U216,smoothie_student,sweet_tooth,2|58|79,0.45,0.074,2.5,True,
U217,specialty,,1|14|19,0.442,0.216,0.8,False,
U218,smoothie_student,,69|77|80,0.719,0.042,2.5,False,
U219,fruit_tea,truyen_thong,1|7|92,0.667,0.132,2.5,False,
U220,healthy,,50|70|76,0.689,0.116,0.8,True,
U221,smoothie_student,,71|81|82,0.953,0.088,2.5,False,
U222,smoothie_student,,39|63|76,0.774,0.026,0.8,False,
U223,specialty,,14|18|28,0.672,0.023,0.8,False,
U224,matcha,,26|27|64,0.501,0.013,2.5,False,
U225,fruit_tea,,40|43|92,0.683,0.133,5.0,False,
U226,healthy,,46|50|86,0.726,0.04,2.5,True,
U227,fruit_tea,sweet_tooth,46|48|63,0.76,0.135,2.5,False,
U228,truyen_thong,,1|4|71,0.517,0.284,0.8,False,
U229,sweet_tooth,,13|66|68,0.572,0.097,2.5,False,
U230,explorer,,17|50|59,0.6,0.043,2.5,True,
U231,specialty,,14|17|21,0.479,0.101,0.8,False,
U232,smoothie_student,,75|78|80,0.83,0.047,0.8,False,
U233,explorer,,48|58|80,0.544,0.068,0.8,False,
U234,fruit_tea,smoothie_student,36|41|95,0.544,0.035,0.8,False,
U235,sweet_tooth,,28|53|56,0.781,0.047,0.8,False,
U236,specialty,,14|18|24,0.492,0.125,0.8,False,
U237,healthy,matcha,26|73|84,0.69,0.061,0.8,False,
U238,truyen_thong,,3|7|97,0.585,0.109,5.0,False,
U239,specialty,,16|18|24,0.662,0.031,0.8,False,
U240,sweet_tooth,,8|53|68,0.657,0.195,2.5,False,
U241,truyen_thong,,2|5|25,0.978,0.038,0.8,False,
U242,fruit_tea,sweet_tooth,11|38|58,0.838,0.108,5.0,False,
U243,fruit_tea,,43|44|48,0.598,0.007,0.8,True,
U244,explorer,,59|60|69,0.534,0.232,2.5,False,
U245,truyen_thong,,5|28|91,0.641,0.058,2.5,False,
U246,matcha,,23|27|35,0.548,0.106,2.5,False,
U247,explorer,,32|33|93,0.473,0.024,5.0,False,2026-07-22
U248,fruit_tea,,39|43|49,0.561,0.144,5.0,False,
U249,fruit_tea,,43|48|59,0.664,0.048,0.8,False,
U250,smoothie_student,,70|80|81,0.734,0.075,2.5,False,
U251,sweet_tooth,,53|57|66,0.569,0.036,0.8,False,
U252,healthy,smoothie_student,75|76|83,0.371,0.301,2.5,False,
U253,specialty,,15|17|19,0.866,0.118,0.8,False,
U254,sweet_tooth,,9|10|20,0.834,0.173,2.5,False,
U255,fruit_tea,specialty,37|42|45,0.683,0.128,0.8,True,
U256,truyen_thong,,1|4|6,0.733,0.132,2.5,False,
U257,fruit_tea,truyen_thong,2|62|95,0.567,0.026,2.5,True,
U258,fruit_tea,,38|46|49,0.443,0.219,0.8,False,
U259,fruit_tea,,36|40|94,0.827,0.112,2.5,False,
U260,sweet_tooth,smoothie_student,20|55|81,0.706,0.063,2.5,False,
U261,fruit_tea,,36|40|61,0.714,0.113,0.8,False,
U262,sweet_tooth,specialty,9|11|12,0.592,0.186,2.5,True,2026-06-09
U263,truyen_thong,healthy,5|22|90,0.628,0.271,0.8,False,
U264,truyen_thong,,1|5|6,0.665,0.014,0.8,True,
U265,smoothie_student,,74|78|81,0.645,0.029,5.0,False,
U266,explorer,,30|60|97,0.829,0.034,0.8,False,
U267,truyen_thong,,1|71|94,0.392,0.073,2.5,True,
U268,healthy,,51|70|87,0.863,0.116,2.5,False,
U269,explorer,,1|51|68,0.839,0.012,2.5,True,
U270,fruit_tea,,20|37|41,0.647,0.09,0.8,False,2026-03-15
U271,specialty,,14|15|20,0.543,0.042,2.5,False,
U272,truyen_thong,,5|6|45,0.578,0.16,0.8,False,
U273,truyen_thong,,2|5|7,0.441,0.042,5.0,False,
U274,fruit_tea,explorer,3|42|64,0.745,0.027,5.0,True,
U275,specialty,,13|16|19,0.76,0.096,5.0,False,
U276,matcha,,2|28|34,0.681,0.026,2.5,False,
U277,specialty,sweet_tooth,10|12|16,0.814,0.125,2.5,False,
U278,explorer,,29|45|95,0.722,0.238,2.5,False,
U279,truyen_thong,,1|6|7,0.393,0.043,0.8,True,2026-03-16
U280,sweet_tooth,explorer,9|35|95,0.769,0.009,2.5,False,2026-05-20
U281,specialty,,18|19|21,0.739,0.1,2.5,True,
U282,specialty,,10|12|17,0.564,0.082,0.8,False,
U283,matcha,,27|29|47,0.7,0.06,0.8,False,
U284,specialty,smoothie_student,12|36|80,0.451,0.201,5.0,True,
U285,matcha,,3|27|35,0.847,0.084,2.5,False,
U286,fruit_tea,,37|49|92,0.782,0.04,2.5,False,
U287,truyen_thong,,1|6|15,0.492,0.075,2.5,False,2026-05-29
U288,matcha,,34|35|74,0.805,0.125,0.8,False,
U289,specialty,sweet_tooth,10|17|63,0.679,0.127,2.5,False,
U290,truyen_thong,,6|37|65,0.761,0.224,0.8,False,
U291,smoothie_student,,72|79|95,0.646,0.034,0.8,False,2026-06-11
U292,explorer,smoothie_student,8|55|70,0.653,0.095,2.5,False,
U293,matcha,,26|31|35,0.353,0.34,5.0,False,
U294,truyen_thong,,1|4|22,0.415,0.065,0.8,False,
U295,fruit_tea,sweet_tooth,41|42|62,0.482,0.03,2.5,False,
U296,truyen_thong,specialty,1|10|21,0.718,0.266,2.5,False,
U297,specialty,,18|73|74,0.741,0.041,2.5,False,
U298,truyen_thong,sweet_tooth,7|30|67,0.655,0.104,2.5,False,
U299,truyen_thong,,6|7|75,0.675,0.049,2.5,False,
U300,truyen_thong,,7|36|90,0.728,0.121,0.8,False,
U301,specialty,,14|15|21,0.651,0.183,2.5,False,
U302,truyen_thong,,1|6|8,0.59,0.098,0.8,False,
U303,smoothie_student,fruit_tea,6|39|57,0.72,0.043,0.8,False,
U304,sweet_tooth,,12|35|50,0.561,0.015,2.5,False,
U305,smoothie_student,sweet_tooth,5|75|77,0.822,0.051,0.8,False,
U306,sweet_tooth,matcha,10|54|55,0.619,0.041,0.8,False,
U307,truyen_thong,,1|10|30,0.653,0.068,2.5,True,2026-07-20
U308,explorer,matcha,45|48|68,0.615,0.192,2.5,False,
U309,fruit_tea,smoothie_student,39|42|63,0.44,0.17,0.8,False,
U310,healthy,matcha,22|85|88,0.639,0.025,0.8,False,
U311,specialty,healthy,19|20|79,0.41,0.026,0.8,True,
U312,specialty,fruit_tea,15|17|19,0.613,0.063,5.0,False,
U313,explorer,,15|17|77,0.449,0.106,0.8,False,
U314,truyen_thong,,35|83|91,0.503,0.028,0.8,False,
U315,explorer,matcha,33|61|68,0.754,0.265,2.5,False,
U316,explorer,,64|86|94,0.486,0.026,0.8,False,
U317,fruit_tea,truyen_thong,2|36|52,0.548,0.208,2.5,False,
U318,sweet_tooth,,56|59|60,0.634,0.057,0.8,False,
U319,truyen_thong,,5|7|9,0.778,0.105,2.5,False,
U320,truyen_thong,,6|7|89,0.71,0.101,0.8,False,
U321,specialty,healthy,18|25|83,0.547,0.108,2.5,False,
U322,explorer,,4|50|94,0.754,0.004,2.5,False,
U323,truyen_thong,,6|7|9,0.769,0.091,0.8,False,
U324,sweet_tooth,,13|21|60,0.874,0.033,5.0,False,
U325,fruit_tea,,21|40|91,0.833,0.065,2.5,False,
U326,sweet_tooth,,8|11|63,0.663,0.112,2.5,False,
U327,specialty,,13|15|22,0.727,0.162,0.8,False,
U328,truyen_thong,smoothie_student,1|6|72,0.675,0.063,5.0,False,
U329,specialty,,21|36|39,0.567,0.045,2.5,True,
U330,explorer,,11|25|81,0.805,0.007,0.8,False,
U331,fruit_tea,,43|49|94,0.719,0.075,0.8,False,
U332,matcha,,27|34|35,0.857,0.096,0.8,False,
U333,matcha,,28|29|33,0.834,0.138,5.0,True,
U334,specialty,,12|13|16,0.804,0.065,0.8,False,
U335,truyen_thong,healthy,1|47|89,0.694,0.012,2.5,False,
U336,smoothie_student,,70|73|95,0.623,0.024,0.8,False,
U337,smoothie_student,healthy,41|46|82,0.728,0.055,0.8,False,
U338,specialty,smoothie_student,15|17|70,0.851,0.111,2.5,False,
U339,truyen_thong,,2|9|74,0.808,0.038,0.8,False,2026-06-18
U340,explorer,,4|6|88,0.281,0.157,0.8,False,
U341,fruit_tea,,36|37|48,0.786,0.049,2.5,False,
U342,sweet_tooth,,54|67|68,0.542,0.12,0.8,False,
U343,sweet_tooth,,18|20|54,0.346,0.136,0.8,True,
U344,healthy,,76|79|88,0.792,0.338,2.5,True,
U345,truyen_thong,,19|72|82,0.657,0.059,0.8,False,
U346,explorer,,5|36|79,0.699,0.019,0.8,False,
U347,specialty,,5|18|20,0.793,0.08,0.8,False,
U348,specialty,truyen_thong,10|18|20,0.603,0.1,0.8,True,
U349,explorer,truyen_thong,9|38|80,0.617,0.142,2.5,False,
U350,specialty,matcha,14|15|19,0.821,0.059,2.5,False,2026-05-04
U351,sweet_tooth,specialty,10|13|22,0.441,0.053,5.0,False,
U352,truyen_thong,sweet_tooth,15|54|68,0.732,0.12,2.5,False,
U353,specialty,explorer,2|18|97,0.813,0.178,0.8,False,
U354,sweet_tooth,,7|20|53,0.576,0.064,2.5,False,
U355,fruit_tea,,37|50|92,0.822,0.041,0.8,False,
U356,specialty,,18|19|22,0.559,0.015,2.5,True,
U357,truyen_thong,,2|6|7,0.939,0.041,0.8,False,
U358,explorer,,24|59|89,0.763,0.214,2.5,True,
U359,smoothie_student,,1|72|81,0.795,0.093,2.5,True,
U360,truyen_thong,,4|8|86,0.295,0.058,5.0,False,
U361,explorer,,59|74|90,0.592,0.024,0.8,True,
U362,matcha,,27|28|62,0.866,0.122,2.5,False,2026-06-13
U363,explorer,,24|48|74,0.498,0.031,2.5,False,
U364,healthy,specialty,74|79|87,0.899,0.113,0.8,False,
U365,matcha,,26|29|34,0.437,0.052,0.8,False,
U366,fruit_tea,,37|39|48,0.661,0.094,0.8,False,
U367,sweet_tooth,,11|13|66,0.387,0.042,5.0,True,
U368,fruit_tea,,34|92|97,0.497,0.156,0.8,True,
U369,truyen_thong,,5|6|48,0.67,0.107,0.8,False,
U370,truyen_thong,specialty,14|15|21,0.838,0.129,2.5,False,
U371,healthy,,50|70|90,0.75,0.102,0.8,False,
U372,sweet_tooth,fruit_tea,10|67|93,0.877,0.097,2.5,False,
U373,specialty,,15|18|94,0.754,0.045,0.8,False,
U374,fruit_tea,,37|48|62,0.963,0.084,5.0,False,
U375,specialty,,15|18|67,0.482,0.118,2.5,False,
U376,smoothie_student,,75|76|80,0.475,0.184,0.8,False,
U377,explorer,,77|83|91,0.809,0.068,2.5,False,
U378,sweet_tooth,,7|61|80,0.525,0.156,2.5,False,
U379,smoothie_student,fruit_tea,37|70|82,0.7,0.115,2.5,False,
U380,sweet_tooth,explorer,9|13|57,0.707,0.047,0.8,False,
U381,fruit_tea,,37|38|44,0.244,0.029,2.5,False,2026-07-04
U382,truyen_thong,,2|14|69,0.653,0.034,2.5,False,
U383,specialty,,15|21|69,0.748,0.065,2.5,True,
U384,fruit_tea,,37|71|92,0.489,0.067,0.8,False,
U385,truyen_thong,healthy,4|10|90,0.175,0.102,0.8,False,
U386,truyen_thong,,2|9|82,0.638,0.032,0.8,False,
U387,fruit_tea,smoothie_student,37|39|72,0.551,0.148,0.8,False,
U388,truyen_thong,,1|11|68,0.684,0.039,2.5,True,
U389,matcha,,27|31|32,0.736,0.09,0.8,False,
U390,specialty,fruit_tea,6|15|18,0.608,0.042,0.8,False,
U391,explorer,,4|10|69,0.59,0.104,0.8,False,
U392,truyen_thong,fruit_tea,7|45|95,0.813,0.045,2.5,False,
U393,sweet_tooth,,6|35|54,0.755,0.05,0.8,False,
U394,fruit_tea,smoothie_student,41|45|71,0.537,0.115,0.8,True,
U395,smoothie_student,,70|78|82,0.548,0.358,0.8,True,
U396,truyen_thong,,1|45|50,0.525,0.028,2.5,False,
U397,matcha,,28|30|64,0.516,0.153,0.8,False,
U398,explorer,,7|16|95,0.534,0.032,0.8,False,
U399,truyen_thong,sweet_tooth,53|55|65,0.786,0.028,0.8,False,
U400,fruit_tea,,37|40|43,0.271,0.054,2.5,False,
U401,explorer,specialty,17|45|63,0.54,0.114,2.5,True,
U402,matcha,,3|30|64,0.783,0.006,2.5,False,
U403,truyen_thong,,4|6|15,0.814,0.047,0.8,True,
U404,truyen_thong,,1|6|7,0.526,0.078,2.5,False,
U405,specialty,,13|14|15,0.778,0.036,0.8,False,
U406,specialty,,2|16|23,0.516,0.083,2.5,False,
U407,specialty,,22|24|47,0.301,0.108,2.5,False,
U408,matcha,fruit_tea,27|64|74,0.526,0.017,0.8,False,
U409,smoothie_student,fruit_tea,55|77|78,0.897,0.027,0.8,False,
U410,explorer,sweet_tooth,17|20|33,0.812,0.083,2.5,False,
U411,smoothie_student,truyen_thong,4|36|41,0.781,0.03,5.0,False,
U412,truyen_thong,,2|6|7,0.924,0.232,0.8,False,
U413,fruit_tea,,39|44|96,0.427,0.361,2.5,False,
U414,sweet_tooth,,54|60|65,0.753,0.15,0.8,False,
U415,truyen_thong,,6|20|85,0.943,0.1,0.8,False,
U416,fruit_tea,sweet_tooth,10|53|58,0.594,0.137,0.8,False,
U417,explorer,,1|37|40,0.733,0.085,0.8,True,
U418,truyen_thong,sweet_tooth,1|2|53,0.704,0.158,0.8,False,
U419,specialty,sweet_tooth,23|65|66,0.373,0.115,5.0,True,
U420,fruit_tea,,36|37|93,0.533,0.038,0.8,False,
U421,fruit_tea,,30|37|91,0.645,0.034,2.5,False,
U422,healthy,,51|76|90,0.815,0.105,0.8,False,
U423,healthy,,45|85|89,0.696,0.073,2.5,True,2026-03-26
U424,healthy,,45|50|89,0.85,0.071,0.8,False,2026-06-30
U425,smoothie_student,,69|78|81,0.506,0.177,0.8,False,
U426,smoothie_student,matcha,2|76|80,0.534,0.275,0.8,True,
U427,explorer,fruit_tea,3|89|90,0.649,0.112,2.5,False,
U428,truyen_thong,,1|5|10,0.414,0.071,2.5,False,
U429,truyen_thong,,1|5|24,0.526,0.045,2.5,False,
U430,matcha,sweet_tooth,3|11|27,0.755,0.023,0.8,False,2026-04-05
U431,truyen_thong,,1|4|52,0.628,0.045,0.8,False,
U432,explorer,,10|57|95,0.478,0.023,0.8,True,
U433,explorer,,36|42|71,0.633,0.147,5.0,True,
U434,fruit_tea,specialty,18|20|94,0.719,0.025,2.5,False,
U435,truyen_thong,fruit_tea,10|43|64,0.74,0.125,2.5,False,
U436,sweet_tooth,,10|20|39,0.769,0.18,2.5,False,
U437,fruit_tea,,38|92|94,0.547,0.022,0.8,False,
U438,explorer,smoothie_student,5|10|67,0.855,0.019,2.5,False,
U439,truyen_thong,,1|2|5,0.792,0.007,2.5,False,
U440,matcha,truyen_thong,1|2|29,0.425,0.06,2.5,False,
U441,specialty,,23|25|73,0.623,0.028,2.5,False,
U442,sweet_tooth,,10|52|89,0.702,0.093,0.8,False,
U443,smoothie_student,,75|77|78,0.59,0.016,2.5,True,
U444,sweet_tooth,matcha,7|57|66,0.861,0.112,0.8,False,2026-05-03
U445,explorer,smoothie_student,36|52|83,0.685,0.02,0.8,True,
U446,fruit_tea,specialty,37|39|70,0.507,0.127,2.5,False,
U447,specialty,,10|24|69,0.706,0.055,5.0,False,
U448,fruit_tea,,39|41|90,0.475,0.134,0.8,False,
U449,truyen_thong,,5|7|58,0.913,0.074,5.0,True,
U450,fruit_tea,,40|43|94,0.778,0.066,2.5,False,
U451,truyen_thong,,6|8|55,0.855,0.203,2.5,False,
U452,truyen_thong,,5|6|23,0.884,0.049,2.5,False,
U453,explorer,,34|81|86,0.794,0.075,5.0,False,
U454,specialty,explorer,1|51|97,0.622,0.079,0.8,False,
U455,specialty,,16|18|36,0.667,0.084,5.0,False,
U456,smoothie_student,,30|69|85,0.739,0.126,0.8,False,
U457,explorer,,11|48|51,0.407,0.069,2.5,False,
U458,fruit_tea,specialty,16|45|91,0.833,0.028,2.5,False,
U459,sweet_tooth,fruit_tea,20|60|65,0.784,0.143,0.8,True,
U460,truyen_thong,healthy,2|8|76,0.404,0.169,0.8,False,
U461,matcha,explorer,30|65|96,0.544,0.128,0.8,False,
U462,sweet_tooth,,11|68|74,0.679,0.049,0.8,False,
U463,healthy,,50|70|83,0.693,0.012,5.0,False,
U464,matcha,truyen_thong,6|15|32,0.689,0.233,2.5,True,
U465,explorer,,16|30|32,0.644,0.189,0.8,False,
U466,specialty,truyen_thong,5|19|23,0.671,0.067,2.5,False,2026-03-15
U467,healthy,,76|88|94,0.783,0.114,2.5,False,
U468,specialty,matcha,19|25|27,0.429,0.07,2.5,False,
U469,specialty,,10|12|97,0.731,0.008,5.0,False,
U470,truyen_thong,,2|6|9,0.428,0.068,0.8,False,
U471,fruit_tea,sweet_tooth,43|44|63,0.398,0.07,2.5,True,
U472,sweet_tooth,,9|68|71,0.426,0.111,0.8,False,
U473,fruit_tea,,48|78|92,0.495,0.024,0.8,False,
U474,sweet_tooth,,53|55|65,0.83,0.114,2.5,False,
U475,fruit_tea,truyen_thong,36|38|40,0.518,0.086,2.5,True,
U476,explorer,,9|67|76,0.608,0.288,0.8,False,
U477,matcha,,20|32|59,0.534,0.083,2.5,False,
U478,explorer,truyen_thong,39|42|49,0.832,0.103,5.0,False,
U479,truyen_thong,,1|5|44,0.623,0.045,5.0,False,
U480,smoothie_student,matcha,78|80|81,0.487,0.204,0.8,False,
U481,fruit_tea,matcha,40|48|49,0.66,0.159,0.8,False,
U482,matcha,,28|30|87,0.964,0.064,2.5,True,
U483,healthy,,74|85|88,0.718,0.08,2.5,True,
U484,fruit_tea,specialty,22|37|91,0.576,0.109,0.8,False,
U485,sweet_tooth,specialty,10|53|97,0.385,0.107,5.0,False,
U486,truyen_thong,,6|8|95,0.755,0.014,0.8,False,
U487,specialty,fruit_tea,21|37|95,0.642,0.132,2.5,False,2026-04-22
U488,matcha,,26|42|64,0.858,0.01,0.8,False,
U489,specialty,,16|23|94,0.661,0.033,0.8,False,
U490,matcha,sweet_tooth,31|65|67,0.871,0.163,2.5,False,
U491,explorer,,34|43|92,0.661,0.257,2.5,False,
U492,healthy,,47|51|85,0.695,0.035,0.8,False,
U493,specialty,,12|46|62,0.599,0.058,0.8,False,
U494,specialty,,15|24|34,0.863,0.142,2.5,False,
U495,matcha,,33|34|35,0.474,0.163,2.5,False,
U496,specialty,,60|67|73,0.587,0.163,2.5,False,
U497,smoothie_student,explorer,73|76|88,0.825,0.065,0.8,False,
U498,sweet_tooth,,46|60|63,0.717,0.028,0.8,False,
U499,smoothie_student,sweet_tooth,69|72|74,0.878,0.108,2.5,False,
U500,smoothie_student,,6|72|78,0.753,0.179,2.5,False,
