user_id,age_group,occupation,signup_date
U001,18-24,office,2024-07-31
U002,18-24,freelancer,2026-03-02
U003,18-24,student,2024-10-16
U004,25-34,freelancer,2025-12-03
U005,25-34,office,2025-06-27
U006,18-24,office,2025-12-15
U007,25-34,office,2024-09-09
U008,25-34,office,2025-04-09
U009,18-24,student,2024-10-01
U010,25-34,freelancer,2025-11-11
U011,45+,other,2026-08-10
U012,18-24,student,2025-04-25
U013,18-24,office,2026-08-12
U014,25-34,office,2025-07-02
U015,35-44,office,2026-08-29
U016,18-24,freelancer,2025-08-10
U017,25-34,student,2025-03-04
U018,18-24,student,2025-05-09
U019,18-24,student,2026-03-10
U020,18-24,student,2025-01-01
U021,25-34,office,2025-08-08
U022,18-24,office,2026-04-24
U023,45+,freelancer,2025-06-11
U024,25-34,office,2026-04-08
U025,35-44,other,2025-01-14
U026,35-44,freelancer,2024-10-01
U027,25-34,student,2025-06-23
U028,18-24,student,2025-11-25
U029,35-44,freelancer,2025-08-14
U030,18-24,student,2026-08-12
U031,45+,other,2025-08-17
U032,35-44,office,2026-02-09
U033,25-34,office,2024-07-09
U034,25-34,office,2025-04-17
U035,25-34,office,2025-09-01
U036,35-44,office,2025-08-23
U037,45+,other,2025-01-18
U038,45+,other,2026-04-30
U039,25-34,freelancer,2026-01-13
U040,18-24,student,2024-11-21
U041,25-34,office,2025-02-22
U042,45+,other,2025-03-10
U043,35-44,freelancer,2024-09-04
U044,25-34,freelancer,2025-09-01
U045,25-34,freelancer,2025-03-03
U046,25-34,office,2025-08-01
U047,18-24,student,2026-08-15
U048,18-24,office,2026-05-02
U049,18-24,student,2025-06-21
U050,25-34,student,2025-12-16
U051,18-24,student,2025-01-29
U052,35-44,freelancer,2024-12-06
U053,25-34,freelancer,2024-10-04
U054,18-24,student,2024-12-13
U055,35-44,other,2024-10-14
U056,18-24,student,2025-09-26
U057,35-44,freelancer,2025-11-03
U058,18-24,office,2026-02-20
U059,25-34,freelancer,2025-01-04
U060,18-24,student,2024-07-10
U061,25-34,freelancer,2025-06-03
U062,45+,office,2025-03-23
U063,18-24,student,2026-08-19
U064,25-34,office,2024-07-13
U065,25-34,freelancer,2026-06-13
U066,25-34,freelancer,2025-01-19
U067,25-34,student,2025-07-04
U068,25-34,office,2026-04-25
U069,45+,office,2026-05-30
U070,25-34,student,2024-08-31
U071,35-44,office,2025-09-21
U072,45+,office,2024-08-14
U073,25-34,office,2025-06-24
U074,18-24,student,2026-04-21
U075,18-24,student,2026-05-05
U076,35-44,office,2025-04-01
U077,18-24,freelancer,2025-08-09
U078,25-34,freelancer,2025-01-12
U079,45+,office,2024-12-20
U080,35-44,office,2026-03-29
U081,45+,office,2025-06-18
U082,18-24,freelancer,2024-09-16
U083,45+,office,2025-05-15
U084,35-44,freelancer,2024-08-24
U085,45+,other,2025-02-12
U086,45+,other,2025-09-20
U087,18-24,student,2026-08-05
U088,35-44,other,2026-02-12
U089,25-34,office,2024-08-20
U090,25-34,office,2025-04-25
U091,18-24,student,2024-10-06
U092,45+,office,2024-08-29
U093,35-44,freelancer,2025-04-02
U094,18-24,office,2025-06-22
U095,18-24,student,2025-04-08
U096,25-34,office,2026-05-02
U097,18-24,student,2025-12-29
U098,45+,other,2025-01-02
U099,25-34,office,2024-07-13
U100,45+,other,2025-06-14
U101,25-34,freelancer,2025-11-06
U102,45+,freelancer,2024-12-07
U103,35-44,office,2026-04-27
U104,25-34,office,2024-12-06
U105,35-44,office,2024-12-31
U106,35-44,office,2024-10-25
U107,25-34,office,2024-09-23
U108,35-44,other,2025-02-08
U109,35-44,office,2025-04-24
U110,35-44,freelancer,2026-06-12
U111,18-24,student,2025-02-22
U112,25-34,office,2025-06-07
U113,45+,office,2025-08-13
U114,18-24,student,2025-03-13
U115,18-24,student,2026-01-21
U116,18-24,student,2025-08-25
U117,25-34,office,2024-09-08
U118,18-24,student,2025-06-28
U119,18-24,student,2025-09-29
U120,35-44,office,2024-10-04
U121,18-24,freelancer,2024-07-28
U122,25-34,office,2024-09-28
U123,25-34,office,2026-07-31
U124,25-34,office,2025-04-01
U125,25-34,office,2026-02-27
U126,45+,other,2025-01-29
U127,45+,other,2024-07-14
U128,25-34,freelancer,2026-01-14
U129,25-34,office,2026-08-30
U130,45+,other,2024-11-09
U131,45+,other,2025-05-26
U132,35-44,other,2025-10-06
U133,25-34,student,2025-06-28
U134,18-24,student,2025-09-25
U135,35-44,freelancer,2025-07-21
U136,45+,other,2025-08-02
U137,45+,other,2025-01-12
U138,18-24,student,2025-06-19
U139,25-34,office,2026-06-16
U140,35-44,office,2024-12-09
U141,35-44,office,2024-08-08
U142,35-44,office,2025-05-04
U143,35-44,office,2026-08-31
U144,35-44,freelancer,2024-07-31
U145,18-24,freelancer,2025-01-30
U146,45+,other,2025-03-10
U147,25-34,office,2025-02-17
U148,25-34,office,2025-06-01
U149,25-34,office,2025-05-13
U150,35-44,office,2025-07-10
U151,35-44,office,2024-09-24
U152,45+,other,2026-06-12
U153,18-24,student,2025-03-29
U154,35-44,office,2024-08-24
U155,25-34,freelancer,2026-04-04
U156,25-34,student,2026-08-03
U157,25-34,student,2024-09-09
U158,18-24,student,2025-05-21
U159,25-34,freelancer,2024-11-04
U160,45+,office,2025-08-14
U161,25-34,freelancer,2024-08-22
U162,45+,office,2026-05-09
U163,35-44,office,2024-11-01
U164,25-34,office,2025-10-17
U165,45+,other,2025-08-13
U166,35-44,office,2025-03-21
U167,35-44,freelancer,2026-03-29
U168,18-24,student,2024-10-09
U169,25-34,student,2024-10-05
U170,18-24,student,2024-11-09
U171,35-44,office,2025-09-03
U172,35-44,office,2025-03-24
U173,18-24,student,2025-07-03
U174,18-24,student,2024-09-07
U175,18-24,student,2025-03-02
U176,18-24,student,2025-07-31
U177,45+,other,2026-08-12
U178,18-24,student,2025-03-18
U179,45+,other,2025-02-11
U180,25-34,office,2025-08-09
U181,25-34,freelancer,2025-06-29
U182,25-34,office,2024-10-25
U183,18-24,student,2025-01-24
U184,18-24,student,2026-06-12
U185,25-34,freelancer,2026-07-29
U186,25-34,office,2024-11-23
U187,18-24,student,2026-01-15
U188,25-34,freelancer,2025-01-20
U189,18-24,student,2025-04-18
U190,18-24,student,2024-12-25
U191,18-24,student,2024-08-18
U192,25-34,student,2025-08-31
U193,35-44,other,2026-08-29
U194,25-34,freelancer,2024-10-03
U195,45+,other,2026-01-13
U196,18-24,student,2024-07-19
U197,45+,other,2026-02-22
U198,18-24,student,2024-10-02
U199,18-24,student,2025-08-13
U200,25-34,office,2024-08-01
U201,18-24,student,2024-10-05
U202,45+,other,2024-07-09
U203,18-24,student,2026-04-29
U204,35-44,other,2024-08-19
U205,35-44,freelancer,2025-06-25
U206,35-44,office,2025-10-22
U207,18-24,student,2025-01-31
U208,25-34,freelancer,2025-01-25
U209,25-34,freelancer,2025-02-07
U210,18-24,student,2024-11-28
U211,35-44,office,2025-02-03
U212,25-34,freelancer,2024-09-17
U213,18-24,student,2024-10-02
U214,18-24,student,2024-12-26
U215,45+,other,2025-05-23
U216,18-24,student,2025-07-14
U217,35-44,office,2026-08-06
U218,18-24,student,2026-01-30
U219,45+,other,2025-05-04
U220,35-44,office,2024-08-30
U221,35-44,other,2025-08-27
U222,18-24,student,2025-01-18
U223,45+,office,2025-10-17
U224,18-24,student,2026-02-21
U225,25-34,office,2025-10-23
U226,45+,other,2024-10-12
U227,25-34,student,2024-10-10
U228,35-44,office,2025-01-29
U229,25-34,office,2024-09-14
U230,25-34,student,2025-03-04
U231,25-34,office,2026-02-11
U232,35-44,office,2024-08-31
U233,35-44,freelancer,2025-04-20
U234,25-34,office,2025-10-02
U235,25-34,office,2026-06-15
U236,25-34,freelancer,2025-08-14
U237,45+,other,2025-05-13
U238,45+,other,2025-06-10
U239,25-34,office,2024-08-22
U240,25-34,freelancer,2026-08-03
U241,45+,other,2025-11-22
U242,18-24,student,2025-07-05
U243,45+,other,2025-12-30
U244,45+,other,2025-05-05
U245,25-34,freelancer,2025-04-04
U246,18-24,student,2026-08-01
U247,25-34,office,2025-01-28
U248,18-24,student,2025-02-20
U249,45+,office,2024-12-24
U250,35-44,office,2025-10-22
U251,35-44,freelancer,2024-09-26
U252,45+,other,2026-05-07
U253,25-34,student,2025-11-01
U254,18-24,student,2025-01-29
U255,25-34,student,2025-02-02
U256,35-44,office,2026-08-08
U257,25-34,freelancer,2026-07-29
U258,25-34,office,2025-01-17
U259,18-24,student,2024-07-14
U260,25-34,freelancer,2025-01-03
U261,18-24,student,2025-11-29
U262,35-44,office,2026-08-19
U263,25-34,freelancer,2025-09-06
U264,18-24,student,2025-07-13
U265,18-24,student,2025-08-17
U266,35-44,office,2025-04-07
U267,18-24,office,2026-05-06
U268,25-34,freelancer,2026-03-25
U269,25-34,office,2025-10-21
U270,18-24,student,2025-12-26
U271,25-34,office,2026-03-07
U272,45+,office,2025-10-26
U273,25-34,office,2025-02-01
U274,25-34,freelancer,2025-09-13
U275,45+,office,2024-10-27
U276,25-34,office,2025-01-17
U277,45+,other,2024-09-21
U278,18-24,office,2025-08-31
U279,18-24,freelancer,2024-08-21
U280,25-34,freelancer,2024-08-01
U281,25-34,office,2026-02-21
U282,18-24,office,2025-03-01
U283,18-24,student,2025-06-11
U284,25-34,office,2025-07-31
U285,25-34,student,2026-02-17
U286,25-34,office,2025-01-15
U287,45+,other,2025-09-13
U288,25-34,office,2025-05-15
U289,25-34,freelancer,2024-07-10
U290,18-24,office,2025-08-20
U291,18-24,student,2025-03-22
U292,18-24,student,2025-06-28
U293,35-44,office,2026-03-24
U294,25-34,office,2025-07-02
U295,18-24,student,2025-09-21
U296,35-44,other,2025-07-20
U297,45+,office,2024-10-06
U298,35-44,other,2025-03-15
U299,25-34,office,2025-01-31
U300,25-34,office,2026-08-01
U301,25-34,office,2024-09-10
U302,45+,other,2025-09-24
U303,18-24,student,2026-01-13
U304,25-34,freelancer,2025-03-17
U305,25-34,office,2025-06-25
U306,45+,office,2024-08-13
U307,45+,freelancer,2025-11-06
U308,18-24,freelancer,2025-10-20
U309,35-44,freelancer,2026-08-21
U310,25-34,office,2024-10-15
U311,25-34,freelancer,2025-10-05
U312,35-44,freelancer,2024-08-23
U313,25-34,office,2026-04-21
U314,45+,other,2026-08-06
U315,18-24,student,2025-11-24
U316,25-34,student,2024-07-24
U317,18-24,student,2024-11-15
U318,18-24,student,2024-12-21
U319,45+,other,2025-02-08
U320,18-24,student,2025-08-26
U321,25-34,office,2024-11-04
U322,25-34,office,2025-01-20
U323,35-44,other,2026-05-05
U324,35-44,office,2024-07-31
U325,25-34,office,2025-09-26
U326,18-24,office,2025-12-05
U327,18-24,freelancer,2026-04-26
U328,18-24,student,2025-04-16
U329,18-24,freelancer,2026-08-01
U330,35-44,freelancer,2026-05-01
U331,18-24,student,2026-03-03
U332,45+,freelancer,2024-10-03
U333,35-44,office,2025-09-10
U334,18-24,freelancer,2025-08-30
U335,18-24,office,2025-11-30
U336,18-24,student,2025-05-27
U337,25-34,freelancer,2024-09-22
U338,25-34,office,2025-05-16
U339,25-34,office,2024-07-22
U340,18-24,student,2024-07-22
U341,25-34,office,2026-08-07
U342,25-34,office,2025-11-15
U343,18-24,office,2026-02-20
U344,35-44,freelancer,2024-08-11
U345,35-44,office,2024-11-21
U346,18-24,student,2025-06-06
U347,25-34,freelancer,2025-09-17
U348,25-34,office,2024-12-03
U349,25-34,office,2025-12-09
U350,18-24,student,2025-03-31
U351,18-24,student,2024-10-06
U352,18-24,office,2025-03-07
U353,45+,freelancer,2025-11-11
U354,18-24,student,2025-06-25
U355,25-34,office,2025-05-28
U356,35-44,other,2025-04-14
U357,35-44,other,2026-08-10
U358,25-34,office,2026-08-07
U359,18-24,student,2024-08-02
U360,18-24,freelancer,2025-06-17
U361,18-24,office,2026-01-11
U362,18-24,student,2024-09-14
U363,18-24,freelancer,2024-09-21
U364,25-34,office,2026-04-27
U365,25-34,student,2025-08-05
U366,25-34,freelancer,2025-07-27
U367,18-24,student,2024-10-17
U368,18-24,student,2025-09-15
U369,25-34,office,2025-08-04
U370,45+,other,2025-04-15
U371,35-44,freelancer,2025-01-26
U372,18-24,freelancer,2025-09-29
U373,25-34,freelancer,2026-03-28
U374,25-34,office,2026-04-03
U375,35-44,office,2026-04-13
U376,18-24,student,2024-07-11
U377,25-34,office,2025-03-04
U378,18-24,student,2025-12-09
U379,25-34,student,2024-10-09
U380,25-34,office,2025-11-16
U381,18-24,student,2025-03-07
U382,25-34,office,2024-12-14
U383,25-34,office,2025-05-13
U384,25-34,office,2025-01-15
U385,25-34,freelancer,2025-04-14
U386,35-44,office,2026-08-04
U387,18-24,student,2025-03-27
U388,35-44,other,2026-04-07
U389,25-34,freelancer,2025-09-22
U390,35-44,office,2025-12-21
U391,35-44,office,2024-12-03
U392,45+,office,2024-07-23
U393,18-24,student,2025-08-06
U394,25-34,freelancer,2024-10-31
U395,18-24,student,2024-09-30
U396,18-24,office,2025-10-27
U397,18-24,office,2025-07-28
U398,25-34,office,2025-06-10
U399,45+,office,2025-02-11
U400,45+,office,2025-04-26
U401,18-24,student,2025-04-02
U402,35-44,office,2024-07-17
U403,25-34,freelancer,2024-12-15
U404,18-24,freelancer,2024-08-05
U405,45+,office,2026-08-22
U406,35-44,office,2026-08-01
U407,25-34,office,2024-12-10
U408,45+,office,2025-09-01
U409,25-34,freelancer,2025-07-18
U410,25-34,office,2025-03-23
U411,25-34,student,2025-03-30
U412,35-44,office,2025-07-05
U413,18-24,freelancer,2026-01-30
U414,35-44,office,2026-03-14
U415,35-44,other,2025-09-29
U416,45+,office,2024-10-20
U417,18-24,freelancer,2025-01-08
U418,35-44,other,2025-06-05
U419,45+,office,2025-02-02
U420,35-44,office,2025-04-01
U421,45+,office,2025-06-01
U422,35-44,freelancer,2024-12-02
U423,35-44,office,2026-03-30
U424,25-34,office,2024-11-08
U425,18-24,student,2025-05-21
U426,18-24,student,2025-08-30
U427,25-34,office,2025-01-12
U428,45+,other,2026-03-07
U429,25-34,office,2024-11-30
U430,25-34,freelancer,2024-09-19
U431,25-34,office,2026-08-01
U432,25-34,office,2024-07-10
U433,45+,other,2024-08-02
U434,18-24,freelancer,2025-05-30
U435,25-34,student,2025-01-25
U436,18-24,student,2024-09-02
U437,25-34,office,2025-09-01
U438,18-24,student,2025-05-07
U439,18-24,office,2025-03-12
U440,18-24,student,2025-05-29
U441,45+,other,2026-06-02
U442,25-34,student,2025-07-02
U443,25-34,student,2024-08-16
U444,25-34,office,2026-08-23
U445,45+,other,2024-07-27
U446,18-24,student,2025-03-19
U447,25-34,freelancer,2025-12-03
U448,45+,other,2025-05-17
U449,35-44,other,2025-06-29
U450,35-44,office,2026-03-02
U451,35-44,office,2025-10-08
U452,45+,other,2025-06-06
U453,18-24,freelancer,2024-09-23
U454,25-34,office,2024-10-03
U455,35-44,office,2025-03-21
U456,18-24,student,2024-11-14
U457,18-24,student,2025-02-05
U458,25-34,office,2024-11-11
U459,35-44,freelancer,2025-02-22
U460,35-44,office,2026-08-28
U461,25-34,office,2026-03-02
U462,25-34,office,2025-01-20
U463,35-44,office,2025-08-16
U464,18-24,freelancer,2025-03-13
U465,35-44,office,2025-08-19
U466,25-34,office,2025-07-09
U467,25-34,office,2024-10-08
U468,25-34,office,2025-02-17
U469,25-34,office,2024-07-30
U470,25-34,office,2024-10-19
U471,35-44,other,2025-09-11
U472,18-24,student,2024-09-02
U473,25-34,student,2026-06-08
U474,18-24,student,2025-07-28
U475,45+,office,2026-04-24
U476,45+,office,2025-07-29
U477,35-44,office,2025-03-27
U478,25-34,student,2026-05-17
U479,35-44,other,2025-04-05
U480,25-34,office,2026-08-20
U481,35-44,freelancer,2026-04-29
U482,18-24,student,2024-08-08
U483,25-34,office,2025-02-25
U484,18-24,student,2026-06-14
U485,25-34,office,2025-12-03
U486,35-44,other,2025-11-20
U487,18-24,student,2026-07-28
U488,18-24,freelancer,2026-08-10
U489,18-24,student,2025-02-22
U490,18-24,student,2026-04-27
U491,35-44,office,2025-09-11
U492,25-34,freelancer,2025-08-05
U493,18-24,freelancer,2025-09-07
U494,25-34,office,2025-02-28
U495,45+,freelancer,2024-10-23
U496,18-24,student,2024-11-09
U497,35-44,freelancer,2024-08-30
U498,45+,other,2024-08-19
U499,18-24,student,2026-08-29
U500,18-24,student,2026-02-16
